"order_year","order_month","order_yyyymm","orders","raw_revenue","revenue_millions","avg_order_value"
"2025","1","202501","12400","2.5502109500000942E7","25.50M","2056.62"
"2025","2","202502","5600","1.1895755440000392E7","11.90M","2124.24"
"2025","3","202503","6200","1.3094152210000481E7","13.09M","2111.96"
"2025","4","202504","6000","1.2453108470000423E7","12.45M","2075.52"
"2025","5","202505","6200","1.3022067760000527E7","13.02M","2100.33"
"2025","6","202506","6000","1.260015809000047E7","12.60M","2100.03"
"2025","7","202507","6200","1.3077686220000584E7","13.08M","2109.3"
