"order_yyyymm","revenue","revenue_change","revenue_growth_rate","running_revenue"
"202501","25,502,110","",,"25,502,110"
"202502","11,895,755","-13,606,354","-0.5335383749332598","37,397,865"
"202503","13,094,152","1,198,397","0.10074154399395163","50,492,017"
"202504","12,453,108","-641,044","-0.04895649063178519","62,945,126"
"202505","13,022,068","568,959","0.045688134120948846","75,967,193"
"202506","12,600,158","-421,910","-0.03239959104621036","88,567,351"
"202507","13,077,686","477,528","0.037898582429619077","101,645,038"
